범죄중분류,범죄건수
살인기수,1
살인미수등,5
강도,1
강간,30
유사강간,3
강제추행,83
기타_강간_강제추행등,2
방화,11
절도범죄,936
상해,184
폭행,935
체포_감금,4
협박,74
약취  유인,0
폭력행위등,69
공갈,14
손괴,269
직무유기,2
직권남용,5
증수뢰,1
통화,16
문서_인장,68
유가증권인지,2
사기,1141
횡령,256
배임,10
성풍속범죄,105
도박범죄,26
특별경제범죄,244
마약범죄,30
보건범죄,56
환경범죄,4
교통범죄,2225
노동범죄,12
안보범죄,0
선거범죄,3
병역범죄,75
기타범죄,1123
