﻿계약년도,계약명,계약종류,계약일자,계약금액,착공일자,준공일자,계약상대자,위치
2011,용산천 재해위험지구 정비공사(1차),공사,2011-01-28,2081458000 ,2011-02-07,2012-02-06,(유)드림솔건설,아산면 반암리 지내
2011,갈곡천 수해상습지 개선사업(5차),공사,2011-02-08,2018357000 ,2011-02-11,2011-12-03,삼호토건,신림면 법지리 지내
2011,고창천 생태하천 조성사업(4차),공사,2011-02-09,1216648000 ,2011-02-08,2011-10-31,새한건설(주),고창읍 읍내리 지내
2011,고수 마을하수도 시설공사(3차),공사,2011-02-14,1737541000 ,2011-03-02,2011-12-23,(주)삼화건설사,고수면 일원
2011,신림 마을하수도 시설공사(3차),공사,2011-02-14,1928400000 ,2011-03-02,2011-12-28,보성건설(주),신림면 일원
2011,고창읍 하수관거 정비사업(5차),공사,2011-02-16,1733500000 ,2011-03-02,2011-12-29,(주)동원종합건설,고창읍 일원
2011,하연지구 배수개선사업(7차),공사,2011-02-21,1772980000 ,2011-02-18,2011-12-31,(유)창성토건,흥덕면 후포리 지내
2011,고창천 하천 환경정비사업(1차),공사,2011-03-07,1798000000 ,2011-03-07,2011-08-31,(유)제인건설,고창읍 학전리 지내
2011,고창 월곡지구 농어촌뉴타운 조성사업(1차),공사,2011-03-22,3000000000 ,2011-03-25,2012-01-18,호원건설(주),고창읍 월곡리 지내
2011,용교천 지방하천 정비사업(1차),공사,2011-05-13,1160619000 ,2011-05-18,2012-01-17,(유)아산종합건설,성내면 신성리 일원
2011,성남천 재해위험지구(2지구) 정비공사(2차),공사,2011-02-16,1978039000 ,2011-02-15,2011-12-31,(주)상보종합건설,대산면 광대리 지내
2011,공설운동장-석정온천간 도로개설공사,공사,2011-03-08,1063595000 ,2011-03-10,2012-03-09,(유)동경건설,고창읍 월암리 지내
2011,고창 월곡지구 생태녹지 조성사업,공사,2011-02-22,1792690000 ,2011-02-22,2013-02-21,에스앤그린(유),고창읍 월곡리 지내
2011,아산-선운사간 군도4차선 확포장공사(3단계),공사,2011-01-19,10094990800 ,2011-01-05,2013-04-23,(유)두림건설,아산면 구암리 지내
2011,강남천 재해위험지구(2지구) 정비공사(2차),공사,2011-02-08,2714973000 ,2011-02-08,2012-01-12,(주)제일종합건설,무장면 원촌리 지내
2011,고창일반산업단지 조성사업(토목공사),공사,2011-12-28,2909942000 ,2012-01-16,2012-11-10,일성건설(주),고수면 황산리 일원
2011,고창군 가축분뇨 공공처리시설 설치사업(1차),공사,2011-07-01,2586541130 ,2011-07-08,2012-07-07,성원건설(주),공음면 덕암리 산111
2011,"고창 복분자클러스터(유원지, 도로) 조성사업",공사,2011-05-24,2531904350 ,2011-05-25,2013-05-24,(유) 성림건설,부안면 용산리 지내
2012,용산천 재해위험지구 정비공사(2차),공사,2012-01-11,2464485000 ,2012-01-16,2013-05-20,(주)민성건설,아산면 반암리 일원
2012,고창천 수해복구사업,공사,2012-01-19,1367641000 ,2012-01-25,2012-07-09,(유)이노비아건설,고창읍 월산리 일원
2012,신림 마을하수도 시설공사(4차),공사,2012-01-16,1440609000 ,2012-01-16,2012-06-19,보성건설(주),신림면 일원
2012,고창일반산업단지 조성사업(토목공사),공사,2012-02-07,8996604000 ,2012-02-07,2013-09-09,(유)성우토건,고수면 봉산리 일원
2012,고창읍 2단계 하수관거 정비공사(2차),공사,2012-02-10,2612637000 ,2012-02-16,2013-04-12,삼광건설(주),고창읍 읍내리 일원
2012,고창천 하천환경 정비사업(4차),공사,2012-02-20,1902604000 ,2012-02-20,2012-12-15,(유)제인건설,고창읍 학전리-아산면 하갑리
2012,용교천 지방하천 정비사업(3차),공사,2012-02-23,1827539000 ,2012-02-28,2012-12-21,(유)아산종합건설,성내면 신성리 일원
2012,고창군 가축분뇨공공처리시설 설치사업(1차),공사,2012-03-07,2148854130 ,2012-03-07,2012-12-28,성원건설(주),공음면 덕암리 일원
2012,고창 월곡지구 생태녹지 조성사업,공사,2012-03-02,1839630000 ,2012-03-05,2013-02-21,에스앤그린(유),고창읍 월곡리 일원
2012,고창천 생태하천 조성사업(5차),공사,2012-03-08,2618490000 ,2012-03-12,2013-04-19,새한건설(주),고창읍 읍내리 일원
2012,고창군 가축분뇨 공공처리시설 설치사업(2차),공사,2012-03-21,2212667410 ,2012-03-22,2013-08-27,성원건설(주),공음면 덕암리 산111
2012,고창갯벌 생태계복원사업 토목공사(3차),공사,2012-04-02,2484310000 ,2012-04-05,2013-03-25,성우건설(주),심원면 만돌리 일원
2012,천북동-월곡택지간 도로 개설공사,공사,2012-04-27,1602900000 ,2012-05-04,2012-12-24,(유)삼광종합건설,고창읍 읍내리 일원
2012,운곡지구 생태복원사업(1차),공사,2012-04-30,2075486490 ,2012-05-07,2013-05-06,강산조경건설(주),아산면 운곡리 산123
2012,심원면 국민체육센터 건립공사(1차),공사,2012-06-14,1927107000 ,2012-06-20,2013-07-31,(유)드림천하,심원면 연화리 711-5
2012,웰빙식품 가공공장 신축공사(1차),공사,2012-06-27,1968000000 ,2012-07-03,2014-02-20,유한회사 모경종합건설,부안면 용산리 일원
2012,고창풍천장어웰빙식품센터 신축공사(1차),공사,2012-12-27,1007000000 ,2012-12-28,2014-02-20,(유)태신종합건설,부안면 용산리 일원
2012,고창 월곡지구 농어촌뉴타운 조성사업(2차),공사,2012-02-10,11010760000 ,2012-02-15,2013-01-02,호원건설(주),고창읍 월곡리 일원
2013,고창군 가축분뇨공공처리시설 설치사업(3차),공사,2013-01-14,2854626460 ,2013-01-15,2013-11-29,성원건설(주),공음면 덕암리
2013,용수천 재해위험지구 정비공사,공사,2013-02-07,3130105000 ,2013-02-13,2014-06-09,(유)동영산업,공음면 용수리 일원
2013,복분자클러스터(유원지)조성사업 조경공사(1차),공사,2013-03-05,1607608000 ,2013-03-08,2014-03-26,(유)국일건설,부안면 용산리 일원
2013,용교천 지방하천 정비사업(4차),공사,2013-03-04,2642387000 ,2013-03-07,2014-01-24,(유)아산종합건설,성내면 용교리 일원
2013,무장현 관아와 읍성 복원 및 정비공사,공사,2013-04-03,1485048000 ,2013-04-08,2014-03-03,주식회사 장청,무장면
2013,고창읍 2단계 하수관거 정비공사(3차분),공사,2013-04-19,3501000000 ,2013-04-22,2014-02-14,삼광건설(주),고창읍 일원
2013,고창읍성주변 문화체험거리조성사업,공사,2013-04-24,3651490500 ,2013-04-29,2014-04-21,주식회사 장청,고창읍 읍내리 일원
2013,고창천 하천환경 정비사업(6차),공사,2013-05-13,2822100000 ,2013-05-13,2014-01-31,(유)제인건설,고창읍 학전리 ~ 아산면 하갑리 일원
2013,죽림 선사마을 조성사업,공사,2013-06-04,1011169160 ,2013-06-04,2014-10-17,(주)다온,고창읍 죽림리
2013,고창갯벌 생태계복원사업 토목공사(4차분),공사,2013-06-04,1706341000 ,2013-06-04,2014-04-16,성우건설(주),고창군
2013,국내 최대 산악자전거 전용 숲길조성,공사,2013-06-07,1334661000 ,2013-06-11,2014-01-06,김제산림조합,고창읍
2013,월곡천 지방하천 정비사업(2단계),공사,2013-06-25,1109878000 ,2013-06-26,2013-06-26,대진종합건설(주),고창읍
2013,동리국악당 작은영화관 등 조성공사,공사,2013-10-11,1230508000 ,2013-10-15,2014-03-13,(유)대도종합건설,동리국악당
2013,용산천 지방하천 정비사업,공사,2013-12-27,1088563000 ,2013-12-31,2014-06-16,(유)유백건설,부안면
2013,고창풍천장어 웰빙식품센터 신축공사(2차),공사,2013-12-27,1516700000 ,2014-01-06,2014-11-29,(유)태신종합건설,부안면
2013,흥덕부안 하수처리장 증설(연계)공사,공사,2013-11-26,2996893000 ,2013-11-29,2014-12-28,성우건설(주),"흥덕, 부안면"
2013,고창일반산업단지 조성사업(토목공사-3차),공사,2013-03-28,9650396000 ,2013-04-01,2014-03-04,(유)성우토건,고창군
2014,고창읍 2단계 하수관거 정비공사(4차),공사,2014-01-22,4927934000 ,2014-01-27,2014-11-03,삼광건설(주),고창읍
2014,산수 재해위험지구 정비사업,공사,2014-01-23,1194633000 ,2014-02-04,2014-11-30,(유)엔에스종합건설,성송면
2014,용교천 지방하천 정비사업(5차),공사,2014-03-06,1545874000 ,2014-03-06,2014-08-06,(유)아산종합건설,고창군
2014,만돌 농어촌마을하수도 시설공사(3차),공사,2014-03-05,1007020430 ,2014-03-05,2014-11-02,(유)금오건설,심원면
2014,용수천 재해위험지구 정비공사(2차),공사,2014-04-28,1599521000 ,2014-04-30,2015-02-12,(유)동영산업,공음면
2014,고창군 육아종합지원센터 신축,공사,2014-06-19,1052611000 ,2014-06-23,2014-12-19,(주)보우,고창읍
2014,운곡습지 개선지역 복원사업(1차),공사,2014-06-26,1516500000 ,2014-06-27,2015-06-21,(주)정신건설,아산면
2014,운곡지구 생태습지 복원사업(2단계),공사,2014-06-26,2902158000 ,2014-06-27,2017-03-14,(유) 성림건설,아산면
2014,흥덕 하수관거 정비사업,공사,2014-09-22,3667086500 ,2014-09-26,2015-07-22,(유)부강건설,고창군 흥덕면
2014,웰빙식품 가공공장 신축공사(3차),공사,2014-12-26,1465470000 ,2014-12-29,2015-03-28,(유)모경종합건설,고창군
2015,고창읍 2단계 하수관거 정비공사(5차분),공사,2015-01-21,1533857000 ,2015-01-27,2015-06-26,삼광건설(주),고창군
2015,정거소하천 정비사업(2차),공사,2015-02-13,1135029000 ,2015-02-16,2016-05-10,(유)미래종합건설,고창군 일원
2015,용산천 지방하천 정비사업(3차),공사,2015-02-13,1468851000 ,2015-02-16,2015-12-12,(유)유백건설,고창군 일원
2015,풍물소리 테마파크 조성 건축공사,공사,2015-03-06,1082708000 ,2015-03-12,2016-01-05,(유)금강종합건설,고창군
2015,고창 세계 프리미엄 갯벌생태지구 조성사업,공사,2015-03-30,3810109000 ,2015-03-30,2016-07-21,(유)옥성건설,고창군
2015,운곡습지 개선지역 복원공사(2차),공사,2015-04-07,1596654000 ,2015-04-09,2017-01-09,(주)정신건설,고창군 일원
2015,성남소하천 정비사업(2차),공사,2015-04-21,1031757000 ,2015-04-21,2015-07-13,(유)성우토건,고창군
2015,생활야구경기장 조성공사,공사,2015-04-22,1239230000 ,2015-04-24,2016-02-17,(유)삼성종합건설,고창군
2015,구수 재해위험지구 정비공사,공사,2015-04-27,1187384000 ,2015-04-29,2015-12-24,(주)상우,고창군
2015,용산천 지방하천 정비사업(4차),공사,2015-06-09,3222600000 ,2015-06-11,2017-07-11,(유)유백건설,고창군
2015,웰빙식품 가공공장 우레탄패널공사,공사,2015-06-24,1098580000 ,2015-06-26,2015-12-22,(유)평강토건,고창군
2015,웰빙식품 가공공장 기계설비공사,공사,2015-06-24,1199979680 ,2015-06-26,2015-12-22,(유)해인엔지니어링,고창군
2015,주진천 고향의 강 조성사업(1차분),공사,2015-11-02,2998079000 ,2015-11-04,2016-11-02,유한회사 여민건설,고창군 일원
2015,고창 세계 프리미엄 갯벌생태지구 조성사업(2차),공사,2015-12-21,1186000000 ,2015-12-23,2017-02-10,(유)옥성건설,고창군
2015,주진천 고향의 강 조성사업,공사,2015-11-02,10690968000 ,2015-11-04,2018-10-18,유한회사 여민건설,고창군 일원
2016,흥덕 하수관거 정비사업(2차),공사,2016-01-13,2130350000 ,2016-01-14,2017-01-21,(유)부강건설,흥덕면
2016,풍물소리테마파크조성사업 건축공사(2차),공사,2016-01-26,1013244000 ,2016-01-27,2016-06-03,(유)금강종합건설,고창농악전수관
2016,주진천 고향의강 조성사업(2차분),공사,2016-03-02,2983487000 ,2016-03-03,2017-03-02,유한회사 여민건설,고창군 일원
2016,아산~선운사간 군도 확포장공사,공사,2016-03-03,4152068000 ,2016-03-08,2018-03-07,신한 유한회사,아산면 일원
2016,구수 재해위험지구 정비공사(2차),공사,2016-03-08,2737902000 ,2016-03-09,2017-05-10,(주)상우,고창군
2016,하전 농어촌 마을하수도 정비사업(1차분),공사,2016-06-09,1600000000 ,2016-06-14,2017-04-09,주식회사 태백건설,심원면
2016,장애인복지관 신축공사(2차),공사,2016-06-08,1241154000 ,2016-06-10,2017-03-20,(유)재영종합건설,고창읍
2016,"군유,광대 하수관거 정비사업 시행(1차분)",공사,2016-06-20,2447000000 ,2016-06-23,2017-06-22,보성건설(주),"공음면, 대산면"
2016,갈곡천 지방하천정비사업,공사,2016-06-16,5580400000 ,2016-06-20,2018-11-30,주식회사 제국건설,고창군
2016,고창 생물권보전지역 관리센터 신축공사(1차),공사,2016-06-23,1683730000 ,2016-06-27,2017-04-24,(유)승명종합건설,고창읍
2016,운곡습지 생태체험지구조성사업(1차),공사,2016-06-28,1300000000 ,2016-06-29,2017-10-31,성신조경,고창읍
2016,고창 세계프리미엄 갯벌생태지구 조성사업(3차),공사,2016-06-29,4485581000 ,2016-06-30,2018-04-25,(유)옥성건설,고창군
2016,고수천 생태하천 복원사업(1차),공사,2016-10-24,1125469900 ,2016-10-28,2017-07-16,세움종합건설,고수천
2016,건동 자연재해위험개선지구 정비사업(1차),공사,2016-12-29,2239900000 ,2016-12-30,2018-04-28,(유)태림종합건설,공음면 건동리 건동천(송산마을) 일원
2017,하전 농어촌 마을하수도 정비사업(2차),공사,2017-01-06,2321390000 ,2017-01-10,2018-06-13,주식회사 태백건설,심원면 일원
2017,"군유,광대 하수관거 정비사업(2차)",공사,2017-01-23,3218158000 ,2017-01-24,2019-09-30,보성건설(주),공음면 일원
2017,고수천 생태하천 복원사업 (2차),공사,2017-01-24,4034600000 ,2017-01-26,2018-05-23,세움종합건설,고수천
2017,고잔 농어촌 마을하수도 정비사업(1차),공사,2017-02-27,1552078000 ,2017-03-06,2018-01-29,(유)부강건설,"부안면 송현리, 봉암리 일원"
2017,주진천 고향의강 조성사업(3차),공사,2017-02-24,2581073000 ,2017-02-27,2018-06-22,유한회사 여민건설,"심원면 하전리, 월산리, 두어리, 만돌리, 고전리 일원"
2017,건동 자연재해위험개선지구 정비사업(2차),공사,2017-03-23,2385350000 ,2017-03-24,2018-05-07,(유)태림종합건설,공음면 건동리 건동천 일원
2017,복룡소하천 정비사업(2차),공사,2017-04-07,1081340000 ,2017-04-12,2018-11-14,푸른건설(주),흥덕면 일원
2017,운곡습지 생태체험지구조성사업(2차),공사,2017-04-18,1454807000 ,2017-04-20,2018-11-19,성신조경,아산면 운곡리 운곡저수지 일원
2017,구수 재해위험지구 정비공사(3차),공사,2017-05-17,1953850000 ,2017-05-17,2018-10-06,(주)남북건설((주)상우 보증이행업체),공음면 구암리 구암천(구수마을) 일원
2017,고잔 농어촌 마을하수도 정비사업(2차),공사,2017-05-25,1742576000 ,2017-05-25,2019-08-14,(유)부강건설,부안면 송현리 일원
2017,외정천 생태하천 복원사업(1차),공사,2017-06-01,1705363000 ,2017-06-07,2018-06-06,강성건설(주),고창읍 월암리 일원
2017,심원 하수관거 정비사업(1차),공사,2017-06-16,2223529000 ,2017-06-21,2018-10-13,주식회사 명인종합건설,"심원면 주산리, 고전리, 도천리 일원"
2017,상포 농어촌 마을하수도 정비사업(1차),공사,2017-06-22,1079540000 ,2017-06-26,2018-04-21,그린종합건설,부안면 상암리 일원
2017,후포 농어촌 마을하수도 정비사업(1차),공사,2017-06-22,1557050000 ,2017-06-26,2018-04-21,(주)삼화건설사,흥덕면 후포리 일원
2017,해리천 지방하천 정비사업(1차),공사,2017-06-27,1370770000 ,2017-06-28,2018-12-27,청목건설 주식회사,해리천 일원
2017,심원 공공하수처리장 증설사업,공사,2017-09-13,1057389000 ,2017-09-20,2019-08-21,(유)한백종합건설,심원면 연화리 일원
2018,고수천 생태하천 복원사업(3차),공사,2018-01-31,3000000000 ,2018-02-02,2019-05-13,세움종합건설,고수면 상평리 증산교~고창천 합류점 일원
2018,고잔 하수관거 정비사업(2단계)(2차),공사,2018-02-13,2729521000 ,2018-02-19,2019-09-30,보성건설(주),부안면 송현리 일원
2018,상포 농어촌 마을하수도 정비사업(2차),공사,2018-02-22,1514041000 ,2018-02-26,2019-08-14,그린종합건설,"부안면 상암리, 봉암리 일원"
2018,해리천 지방하천 정비사업(2차),공사,2018-02-23,1534996000 ,2018-02-26,2019-08-30,청목건설 주식회사,무장면 월림리~송계리 일원
2018,후포 농어촌 마을하수도 정비사업(2차),공사,2018-03-07,1827485000 ,2018-03-08,2018-12-15,(주)삼화건설사,"고창군 흥덕면 신덕리, 후포리 일원"
2018,주진천 고향의 강 조성사업(4차),공사,2018-03-08,4982292090 ,2018-03-09,2019-06-20,유한회사 여민건설,아산면 반암리 호암교~반암교 일원
2018,역사문화관광지 연계도로(반룡~월곡) 개설공사(2차),공사,2018-03-13,1069700000 ,2018-03-15,2018-12-09,유한회사 신한,신림면 반룡리 ~ 고창읍 월곡리 일원
2018,건동 자연재해위험개선지구 정비사업(3차),공사,2018-03-19,2872816000 ,2018-03-22,2019-06-17,(유)태림종합건설,공음면 건동리 건동천(송산마을) 일원
2018,고창 자연마당 조성공사(2차),공사,2018-03-23,2152855300 ,2018-03-27,2018-12-21,반도이앤씨(주),고창읍 노동리 산68번지 일원
2018,심원 하수관거 정비사업(2차),공사,2018-03-29,1180751000 ,2018-03-30,2019-10-07,주식회사 명인종합건설,"심원면 주산리, 고전리, 도천리 일원"
2018,금평 재해위험지구 정비사업(1차),공사,2018-05-18,1233992000 ,2018-05-28,2021-11-12,서일종합건설(주),해리면 금평리 일원
2018,운곡람사르습지 에코촌조성사업 건축공사(1차) 2/2,공사,2018-05-24,2179875000 ,2018-05-30,2019-05-17,(유)소명종합건설,아산면 용계리 일원
2018,운곡람사르습지 에코촌조성사업 건축공사(1차),공사,2018-05-24,1000000000 ,2018-05-30,2019-05-17,(유)소명종합건설,아산면 용계리 269 일원
2018,후포 농어촌 마을하수도 정비사업(3차),공사,2018-06-26,1749377000 ,2018-06-28,2019-10-15,(주)삼화건설사,"고창군 흥덕면 신덕리, 후포리 일원"
2018,고창 갯벌식물원 조성사업(1차),공사,2018-06-27,1419344000 ,2018-06-28,2018-12-24,(유)다모아종합건설,"고창군 심원면 두어리, 월산리 일원"
2018,외정천 생태하천 복원사업(3차),공사,2018-10-15,1163528000 ,2018-10-18,2021-06-30,강성건설(주),고창군 월암리 월암소하천~고창읍 월암리 고창천 합류점
2018,고창군 노후하수관로 정비사업(1차),공사,2018-10-23,3490331000 ,2018-10-26,2019-12-26,(주)강민건설,"고창읍 읍내리, 월곡리 일원"
2018,무장현관아와읍성 동벽 성곽복원공사,공사,2018-12-06,1429959000 ,2018-12-13,2019-12-20,(유)남전종합건설,무장면 무장읍성길 45 일원
2018,전지훈련트레이닝센터 건립공사(1차),공사,2018-12-19,1237531000 ,2019-01-02,2019-12-08,유한회사 광동,고창읍 운동장길 36
2018,고창 생활폐기물 소각시설 설치사업(1차),공사,2018-12-26,1116075000 ,2019-01-02,2020-03-30,크라운건설(주),아산면 계산리 680-6 일원
2018,고수천 생태하천 복원사업(4차),공사,2018-12-27,2570338100 ,2018-12-28,2020-05-28,세움종합건설,고수면 상평리 증산교 ~ 고창천 합류점 일원
2019,고창 실내체육관 개보수공사(건축) 시행,공사,2019-02-26,1200115000 ,2019-03-04,2020-03-09,유한회사 에스지종합건설,고창군
2019,가평 농어촌 마을하수도 정비사업 2차분,공사,2019-02-18,1066470000 ,2019-02-20,2019-10-31,부일건설(주),"신림면 가평리,신평리"
2019,신림면 다목적 체육관 건립공사,공사,2019-04-22,1827000000 ,2019-05-02,2020-05-21,주식회사대창건설,고창군
2019,역사문화관광지 연계도로(반룡~월곡) 개설공사(3차분),공사,2019-05-04,2389500000 ,2019-05-08,2020-08-08,신한 유한회사,고창군
2019,고창군 생활폐기물 소각시설 설치사업 전기공사,공사,2019-03-21,1508970000 ,2019-03-22,2021-03-04,유한회사 시온이엔씨,고창군 환경시설사업소
2019,해리천 지방하천정비공사 3차분,공사,2019-04-02,2163646000 ,2019-04-02,2020-01-31,청목건설 주식회사,고창군
2019,고창 유교문화체험관 건립공사(건축),공사,2019-06-23,1937516000 ,2019-06-26,2020-09-21,주식회사 무호,고창군
2019,고창군 도로관리 업무시설(창고 등) 신축공사(건축),공사,2019-08-18,1168970000 ,2019-08-21,2019-12-18,주식회사 동성,고창군
2019,가평 농어촌 마을하수도 정비사업 (3차분),공사,2019-09-19,1739646000 ,2019-09-20,2020-11-19,부일건설(주),"고창군 신림면 가평리, 신평리 일원"
2019,고창군 노후하수관로 정비사업 2차분,공사,2019-10-23,1994348000 ,2019-10-28,2020-11-30,(주)강민건설,고창군
2019,무장현 관아와 읍성 동문옹성 복원사업,공사,2019-12-09,1982870000 ,2019-12-11,2021-11-24,유한회사 서림문화재,고창군 무장면 성내리 150번지 일원
2019,국공립어린이집 이전 신축사업 - 1차분,공사,2019-12-16,1160521340 ,2019-12-17,2020-10-08,주식회사 태우,고창군
2019,전지훈련트레이닝센터 건립공사(2차분),공사,2019-12-18,1442252000 ,2019-12-18,2020-09-12,유한회사 백상,고창군
2019,무장고라 자연장지 조성사업(1차분),공사,2019-12-19,1855440000 ,2019-12-23,2021-11-28,(주)성전건설,고창군
2019,장애인주간보호 직업재활시설 신축공사,공사,2019-12-19,1289288000 ,2019-12-20,2021-06-22,세움종합건설 주식회사,고창군
2019,역사문화관광지 연계도로(반룡~월곡) 개설공사(4차분),공사,2019-12-20,1579896000 ,2019-12-23,2021-06-25,유한회사 신한,고창군
2019,무장면 소재지 도로개설공사,공사,2019-11-21,1019319000 ,2019-11-25,2021-09-01,지엘 주식회사,무장면 무장리 일원
2019,질마재 시인마을 관광조성사업(2차분),공사,2019-11-26,1797563000 ,2019-11-29,2022-10-30,주식회사 하백,부안면 질마재로 2-8 일원
2019,동호 어촌뉴딜 300사업,공사,2019-12-30,1123253000 ,2019-12-30,2022-02-23,(유)은광종합건설,고창군 해리면 동호리 동호항 일원
2019,공음 청보리밭 생태관광지 연결도로 개설사업,공사,2019-12-20,1874609000 ,2019-12-23,2022-08-10,주식회사관양종합건설,"공음면 용수리, 선동리, 예전리 일원"
2019,고창읍성 체험시설 조성사업,공사,2019-12-26,2123543700 ,2019-12-26,2021-06-05,해강건설(주),고창읍 읍내리 일원
2020,남월소하천 정비사업(2차분),공사,2020-01-07,1185140000 ,2020-01-09,2020-06-23,상명종합건설(유),고창군
2020,고수천 생태하천 복원사업(5차분) 시행,공사,2020-02-05,1683422000 ,2020-01-31,2021-05-22,세움종합건설,고창군
2020,서월 농어촌 마을하수도 정비사업(1차분),공사,2020-04-28,1913967000 ,2020-05-04,2020-12-22,(주)고천종합건설,고창군
2020,고창 풍천장어 웰빙식품 가공공장 시설보수(건축),공사,2020-05-06,1355378000 ,2020-05-08,2020-12-23,유한회사 반석건설,부안면 복분자로 434-36
2020,고창 생활폐기물 소각시설 설치사업(3차),공사,2020-04-29,1241381000 ,2020-04-29,2021-03-08,크라운건설(주),고창군
2020,동촌 농어촌 마을하수도 정비사업(1차),공사,2020-05-19,2450000000 ,2020-05-20,2021-03-31,유한회사 한미종합건설,고창군
2020,고창군 매립장 순환이용 정비사업 건설공사(1차),공사,2020-10-21,1346900000 ,2020-10-27,2021-04-23,(주)금도건설,고창군
2020,고창읍 공영주차타워 건립사업(1차),공사,2020-12-15,1175140250 ,2020-12-24,2021-06-10,(유)구현산업개발,고창군
2020,부안 하수관로 정비사업(1차),공사,2020-12-16,1100458000 ,2020-12-21,2021-08-19,(유)승명종합건설,고창군
2020,"탁구,배드민턴 전용구장 건립공사",공사,2020-06-24,2994339900 ,2020-06-25,2022-07-08,(주)중용건설,고창읍 월암리 91
2020,동호항 어촌뉴딜 300사업 마을특화사업장 신축공사,공사,2020-12-29,1067037000 ,2020-12-30,2021-06-27,주식회사 천지종합건설,해리면 동호리 동호항 일원
2020,고창 스포츠타운 조성사업,공사,2020-12-29,3516670000 ,2021-01-06,2022-04-20,(유)성우토건,고창군
2020,고창일반산업단지 복합문화체육센터 건축공사,공사,2020-07-10,4814519000 ,2020-07-21,2022-05-27,주식회사 옥토,고수면 봉산리 1636
2021,고창군 매립장 순환이용 정비사업 건설공사(2차분),공사,2021-03-25,2400000000 ,2021-03-25,2021-08-31,(주)금도건설,아산면 계산리 678번지
2021,동촌 농어촌 마을하수도 정비사업(2차분),공사,2021-05-03,2022372000 ,2021-05-06,2021-12-20,유한회사 한미종합건설,"상하면 용정리, 장호리 일원"
2021,서월 농어촌 마을하수도 정비사업(2차분),공사,2021-05-03,1989320000 ,2021-05-06,2021-12-17,(주)고천종합건설,"신림면 자포리, 부송리 및 벽송리 일원"
2021,고창읍 공영주차타워 건립사업(건축) 2차분,공사,2021-05-31,2614370000 ,2021-05-31,2021-10-31,(유)구현산업개발,고창읍 읍내리 197-4
2021,고창군 재해위험저수지(월산제등 6개소) 조기경보시스템 구축사업,공사,2021-06-28,1090090400 ,2021-06-29,2021-12-23,엔에치네트웍스(주),고창읍 월산리 우러산제등 6개소 일원
2021,부안 하수관로 정비사업(2차분),공사,2021-11-24,1602585000 ,2021-11-26,2021-12-08,(유)승명종합건설,"부안면 수앙리, 수동리, 흥덕면 오호리 일원 "
2021,고창 무장현 관아와 읍성 남문서측 성곽복원공사 시행,공사,2021-05-12,1292125000 ,2021-05-17,2022-01-28,(유)남전종합건설,고창군
2021,주진천 지방하천 정비사업 2차분,공사,2021-12-17,3100000000 ,2021-12-20,2022-12-14,중앙건설 주식회사,아산면 계산리~반암리 일원
2021,선운천 생태하천 복원사업 1차분시행,공사,2021-03-08,3389260000 ,2021-03-15,2022-03-30,신한 유한회사,선운천
2021,고창 생물자원보전시설 자연생태원 건립(건축) 시행(긴급),공사,2021-02-18,1127925000 ,2021-02-23,2022-04-12,주식회사 태진종합건설,공음면 예전리 469-4번지
2021,고창 영산기맥 솔재 생태축 복원사업 (긴급),공사,2021-06-28,1437343840 ,2021-06-29,2023-02-08,유한회사 수오건설,고창읍 월산리 산 38-1번지 일원
2021,문수산 편백숲 주차장 조성사업(2차분),공사,2021-04-12,1518336000 ,2021-04-14,2021-09-10,(유)유백건설,고고창읍 월산리 산 145-2
2021,성내 하수관로 정비사업(2차분),공사,2021-06-16,1215615000 ,2021-06-18,2021-12-30,유한회사 토왕건설,고창군 성내면 신성리 일원
2021,선운천 생태하천 복원사업 2차분,공사,2021-07-08,4166210000 ,2021-07-13,2023-02-08,신한 유한회사,고창군 아산면 삼인리 일원
2021,봉덕소하천 정비사업(1차분),공사,2021-12-21,1000000000 ,2021-12-23,2022-09-18,주식회사 강인,고창군 아산면 봉덕리 봉덕소하천 일원
2021,칠암천 지방하천 정비사업(1차분),공사,2021-03-15,1168400000 ,2021-03-18,2021-09-13,주식회사 화성개발,칠암천 일원
2021,율촌 하수관로 정비사업(1차분),공사,2021-06-28,1600000000 ,2021-06-29,2022-04-24,주식회사 비제이종합건설,고창군 대산면 율촌리 일원
2021,금평 자연재해위험개선지구 정비사업(2차분),공사,2021-11-10,1321569000 ,2021-11-11,2023-01-14,주식회사 웅빈,고창군 해리면 금평리 일원
2021,고창 무장현 관아와 읍성 조경 및 편의시설 정비사업 시행,공사,2021-06-07,1185900000 ,2021-06-03,2022-06-02,세운주식회사,고창군
2021,성내 하수관로 정비사업(3차분),공사,2021-11-29,1269595000 ,2021-11-29,2022-08-12,유한회사 토왕건설,성내면 신성리 일원
2022,고창군 매립장 순환이용 정비사업 건설공사(3차분),공사,2022-03-11,1707147000 ,2022-03-17,2022-05-10,(주)금도건설,고창군 아산면 계산리 678번지 일원 
2022,서월 농어촌 마을하수도 정비사업(3차분),공사,2022-03-07,1146077000 ,2022-03-07,2022-10-31,고천종합건설 주식회사,"고창군 신림면 자포리, 부송리 및 벽송리 일원 "
2022,모양성마을 울력터 건립 건축공사,공사,2022-01-04,2235827000 ,2022-01-13,2022-09-04,(유)구룡건설,고창읍 읍내리 76-1번지
2022,칠암천 지방하천 정비사업(2차분),공사,2022-01-26,2444780000 ,2022-01-26,2023-01-20,주식회사 화성개발,공음면 칠암리 ~ 석교리 일원
2022,부안 하수관로 정비사업(3차분),공사,2022-03-04,1164123000 ,2022-03-07,2022-12-20,(유)승명종합건설,"부안면 수앙리, 수동리, 흥덕면 오호리 일원 "
2022,동촌 농어촌 마을하수도 정비사업(3차분),공사,2022-03-07,1561359000 ,2022-03-07,2022-10-31,유한회사 한미종합건설,"고창군 상하면 용정리, 장호리 일원 "
2022,대산 하수관로 정비사업(2차분),공사,2022-03-24,3942000000 ,2022-03-25,2023-03-19,(주)금도건설,"성송면 하고리, 산수리, 무송리 일원"
